map,algo,steps,cost,expanded,max_frontier,avg_time,peak_mb
tiny_map.txt,UCS,3,3,3,2,2.7966666190574568e-05,0.002288818359375
tiny_map.txt,A*,3,3,3,2,3.070000093430281e-05,0.00177001953125
small_map.txt,UCS,8,8,72,37,0.0003231666632927954,0.03813934326171875
small_map.txt,A*,8,8,72,37,0.00029536667473924655,0.03675079345703125
medium1_map.txt,UCS,13,13,2858,2238,0.017938766677010182,2.241069793701172
medium1_map.txt,A*,13,13,2858,2238,0.016642233337430905,2.2428855895996094
example_map.txt,UCS,34,34,485182,145563,7.337756433339867,453.57723236083984
example_map.txt,A*,34,34,485182,145563,7.089821699997022,454.672119140625
large_map.txt,UCS,27,27,16602,5389,0.10174273333783883,9.846111297607422
large_map.txt,A*,27,27,16602,5389,0.09770326666572753,9.871898651123047
big1_map.txt,UCS,21,21,17929,10592,0.131214500007142,13.54559326171875
big1_map.txt,A*,21,21,17929,10592,0.12486640000133775,13.611373901367188
big2_map.txt,UCS,46,46,550665,47572,6.568616866667678,232.7115020751953
big2_map.txt,A*,46,46,550665,47572,6.583741399993111,232.9540786743164
